{
  "maskRA": 4.918434554583333,
  "maskDEC": 3.640744993333333,
  "zclust": 0.28,
  "slitPA": -48,
  "BCGmag": 16.807,
  "axis": {
    "kernel_width": 3.0,
    "ra_center": 4.909949823333332,
    "dec_center": 3.607708264166667,
    "axisPA": 175
  }, 
  "previous_masks": [],
  "exclude_target": [8866611765],
  "specialtargets": [
  [4.9142376,
  3.5999812,
  22,
  3000],  
  [4.8937236,
  3.6248424,
  22,
  5000],
  [4.9122773,
  3.5984391,
  22,
  50000],
  [4.9113783,
  3.5996402,
  22,
  50000],
  [4.9053761,
  3.5979698,
  22,
  3000],
  [4.9068477,
  3.6172946,
  22,
  5000],
  [4.9069719,
  3.6087997,
  22,
  5000],
  [4.8964004,
  3.6099442,
  22,
  5000],
  [4.9020036,
  3.6217828,
  22,
  5000]]
}


