{
  "maskRA": 34.96630979374999,
  "maskDEC": 1.4845527391666666,
  "zclust": 0.36,
  "slitPA": -42,
  "BCGmag": 17.956,
  "axis": {
    "kernel_width": 0,
    "ra_center": 4.909949823333332,
    "dec_center": 3.607708264166667,
    "axisPA": 175
  }, 
  "previous_masks": [],
  "exclude_target": [],
  "specialtargets": []
}


