{
  "maskRA": 0.96952219625,
  "maskDEC": 10.06685767,
  "zclust": 0.37,
  "slitPA": -2,
  "BCGmag": 18.288,
  "guide": [
    1.083458,
    10.072737,
    16.396
  ],
  "cosdec": 0.9845865131128568,
  "aligninfo": [
    [
      0.948284,
      9.962229,
      15.765
    ],
    [
      1.050969,
      10.170061,
      16.073
    ],
    [
      1.096807,
      10.138148,
      16.484
    ],
    [
      1.064051,
      10.160077,
      18.052
    ],
    [
      0.908736,
      9.978913,
      18.173
    ],
    [
      1.061541,
      10.171881,
      19.69
    ]
  ],
  "specialtargets": []
}