{
  "maskRA": 350.2847423783333,
  "maskDEC": 29.21667663083333,
  "zclust": 0.49,
  "slitPA": 87,
  "BCGmag": 19.53,
  "previous_masks": [],
  "exclude_target": ["1568997157",
"1572876368",
"1682136039",
"2933393391"],
  "specialtargets": []
}


