{
  "maskRA": 0.9585182112499999,
  "maskDEC": 10.072808364722222,
  "zclust": 0.37,
  "slitPA": -98,
  "BCGmag": 18.288,
  "previous_masks": ["RMJ0003/1/dsim/output.txt"],
  "exclude_target": [],
  "specialtargets": [
[0.92951200,
10.02100600,
21.305,
1000]]
}


