{
  "maskRA": 0.9585182112499999,
  "maskDEC": 10.072808364722222,
  "zclust": 0.37,
  "slitPA": -98,
  "BCGmag": 18.288,
  "specialtargets": []
}


