{
  "maskRA": 17.332244975416664,
  "maskDEC": 33.019621299444445,
  "zclust": 0.48,
  "slitPA": 66,
  "BCGmag": 18.773,
  "axis": {
    "kernel_width": 0,
    "ra_center": 4.909949823333332,
    "dec_center": 3.607708264166667,
    "axisPA": 175
  }, 
  "previous_masks": ["RMJ0109/1/dsim/output.txt"],
  "exclude_target": [],
  "specialtargets": []
}


