{
  "maskRA": 4.918592491249999,
  "maskDEC": 3.6378027391666667,
  "zclust": 0.28,
  "slitPA": -47,
  "BCGmag": 16.807,
  "axis": {
    "kernel_width": 3.0,
    "ra_center": 4.909949823333332,
    "dec_center": 3.607708264166667,
    "axisPA": 175
  }, 
  "previous_masks": ["RMJ0019/1/dsim/output.txt"],
  "exclude_target": [],
  "specialtargets": [
  [4.8937236,
  3.6248424,
  22,
  5000],
  [4.9122773,
  3.5984391,
  22,
  50000],
  [4.9113783,
  3.5996402,
  22,
  2000],
  [4.9053761,
  3.5979698,
  22,
  50000],
  [4.90385200,
  3.69754800,
  21.204,
  10000],
  [4.89813600,
  3.69832700,
  23.410,
  10000],
  [4.90004200,
  3.69234800,
  23.018,
  10000],
  [4.87336100,
  3.69712000,
  22.45,
  10000],
  [4.87167100, 
  3.69022200, 
  18.455,
  10000]]
}


