{
  "maskRA": 0.9530108216666666,
  "maskDEC": 10.030184826666668,
  "zclust": 0.37,
  "slitPA": -72,
  "BCGmag": 18.288,
  "specialtargets": []
}