{
  "maskRA": 0.9537035558333332,
  "maskDEC": 10.069649444166666,
  "zclust": 0.37,
  "slitPA": -98,
  "BCGmag": 18.288,
  "specialtargets": [
[0.92951200,
10.02100600,
21.305,
1000]]
}


